{
  "flash": {
    "augmentation": 7.174333333333333,
    "backward": 529.9993333333333,
    "data_wait": 181.91433333333333,
    "forward": 265.33666666666664,
    "h2d": 0.507,
    "max_mem_gb": 27.355666666666668,
    "optimizer": 4.163333333333333,
    "phase_total": 807.1806666666666
  },
  "radial_r2": {
    "augmentation": 6.448666666666667,
    "backward": 1246.6893333333333,
    "data_wait": 75.82666666666667,
    "forward": 534.1916666666666,
    "h2d": 0.441,
    "max_mem_gb": 28.723,
    "optimizer": 4.194333333333334,
    "phase_total": 1791.965
  },
  "radial_rbf8": {
    "augmentation": 6.492,
    "backward": 1509.2113333333334,
    "data_wait": 74.994,
    "forward": 544.0609999999999,
    "h2d": 0.4103333333333333,
    "max_mem_gb": 28.723,
    "optimizer": 4.199333333333334,
    "phase_total": 2064.3740000000003
  },
  "radial_slope": {
    "augmentation": 6.539666666666666,
    "backward": 1249.5666666666666,
    "data_wait": 75.89666666666668,
    "forward": 535.8253333333333,
    "h2d": 0.4463333333333333,
    "max_mem_gb": 28.723,
    "optimizer": 4.206666666666666,
    "phase_total": 1796.5846666666669
  },
  "triton_bf16compat": {
    "augmentation": 6.521,
    "backward": 974.0766666666667,
    "data_wait": 75.28866666666667,
    "forward": 427.2416666666667,
    "h2d": 0.4593333333333333,
    "max_mem_gb": 27.357666666666667,
    "optimizer": 4.178,
    "phase_total": 1412.4766666666667
  },
  "triton_tf32x3": {
    "augmentation": 6.458666666666667,
    "backward": 562.006,
    "data_wait": 75.07133333333333,
    "forward": 264.6066666666666,
    "h2d": 0.44866666666666666,
    "max_mem_gb": 28.724999999999998,
    "optimizer": 4.1706666666666665,
    "phase_total": 837.6906666666666
  }
}